Organisation Name,Town/City,County,Type & Rating,Route
3Drp Ltd,Welwyn,Unknown,Worker (A rating),Skilled Worker
73 Strings Ltd,London,Unknown,Worker (A rating),Skilled Worker
A&Sh Limited T/A Spice House,Buckie,Scotland,Worker (A rating),Skilled Worker
A.M Kitchens And Wardrobes Ltd,Nelson,Lancashire,Worker (A rating),Skilled Worker
A4Fm Ltd,Paisley,Unknown,Worker (A rating),Skilled Worker
Aa London Traders Ltd,Swanscombe,Unknown,Worker (A rating),Skilled Worker
Aa Pantiles Service Ltd,Tunbridge Wells,Unknown,Worker (A rating),Skilled Worker
Aadham Future Limited,Dorking,England,Worker (A rating),Skilled Worker
Aai Sports Ltd,Coventry,Unknown,Worker (A rating),Skilled Worker
Abc Buildcon Limited,Edgware,Unknown,Worker (A rating),Skilled Worker
Aberdeen Association Of Social Service,Aberdeen,Unknown,Worker (A rating),Skilled Worker
Abm Digital Accountants Ltd,Lonodn,Unknown,Worker (A rating),Skilled Worker
Ace24 Healthcare Ltd,Colchester,Unknown,Worker (A rating),Skilled Worker
Active Health,Bath,Bath and North East Somerset,Worker (A rating),Skilled Worker
Acumatica Uk Limited,London,Unknown,Worker (A rating),Skilled Worker
Ad-Duha Foundation,BIRMINGHAM,Unknown,Worker (A rating),Skilled Worker
Ad-Duha Foundation,BIRMINGHAM,Unknown,Temporary Worker (A rating),Charity Worker
Adeo Estates Property Consultants Limited,England,Unknown,Worker (A rating),Skilled Worker
Aelml Limited,London,Unknown,Worker (A rating),Skilled Worker
Aethel Care Homes Ltd,Cheltenham,East Sussex,Worker (A rating),Skilled Worker
Afc- Halal Meat Ltd,MIDDLESEX,Unknown,Worker (A rating),Skilled Worker
Affle (Uk) Ltd.,London,Unknown,Worker (A rating),Skilled Worker
Agal Retail Ltd,Nuneaton,Unknown,Worker (A rating),Skilled Worker
Agave Capital Management Limited,London,Unknown,Worker (A rating),Skilled Worker
Agm Developments Ltd,Manchester,Unknown,Worker (A rating),Skilled Worker
Ahy Foods Limited T/A Pepe?Â¢????S Piri Piri,Leeds,Unknown,Worker (A rating),Skilled Worker
Ai Tech Ltd,London,Unknown,Worker (A rating),Skilled Worker
Air Filtration Solutions Ltd,"Preston,",Lancashire,Worker (A rating),Global Business Mobility: Senior or Specialist Worker
Air Filtration Solutions Ltd,"Preston,",Lancashire,Worker (A rating),Skilled Worker
Ajs Foods Ltd T/A Kinara,GLASGOW,Unknown,Worker (A rating),Skilled Worker
Ajv Property Services (Uk) Ltd,Slough,Unknown,Worker (A rating),Skilled Worker
Aksh Midlands Ltd,Alcester,Unknown,Worker (A rating),Skilled Worker
Al Hadi Supermarket Ltd,GREENFORD,Unknown,Worker (A rating),Skilled Worker
Alans Elif Limited,Liverpool,Unknown,Worker (A rating),Skilled Worker
Alexanders Dental Practice,ESSEX,Unknown,Worker (A rating),Skilled Worker
Alishah Foods Ltd,GLASGOW,Unknown,Worker (A rating),Skilled Worker
All Spectrum,Chatham,England,Temporary Worker (A rating),Charity Worker
Alpha 1 Sheet Metal & Laser Ltd,Saint Helens,United Kingdom,Worker (A rating),Skilled Worker
Alsager Dental Practice,stoke,Unknown,Worker (A rating),Skilled Worker
Am Vintage Retail Uk Limited,London,Unknown,Temporary Worker (A rating),Global Business Mobility: Graduate Trainee
Am2Pm Quality Care Limited,Banstead,Surrey,Worker (A rating),Skilled Worker
Amanda Thompson Couture Ltd,London,Unknown,Worker (A rating),Skilled Worker
Amea Metals Ltd,New Malden,Unknown,Worker (A rating),Skilled Worker
Ameba Systems Ltd,London,Unknown,Worker (A rating),Skilled Worker
Anacapa Wavepower Ltd.,London,Unknown,Worker (A rating),Global Business Mobility: Senior or Specialist Worker
Anacapa Wavepower Ltd.,London,Unknown,Worker (A rating),Skilled Worker
Anaya Enterprises Pvt Ltd,Glasgow,Unknown,Worker (A rating),Skilled Worker
Anishaspice Ltd T/A Joy Spice,Welling,Unknown,Worker (B rating),Skilled Worker
Another Box Story Ltd,London,Unknown,Worker (A rating),Skilled Worker
Antoni & Rienzie Limited,London,Unknown,Worker (A rating),Skilled Worker
Anzan Immegration Lawyers Ltd,Birmingham,Unknown,Worker (A rating),Skilled Worker
Approved Power Services Limited,St Helens,Merseyside,Worker (A rating),Skilled Worker
Appsync Designs Ltd,Luton,England,Worker (A rating),Skilled Worker
Aqaab Ltd,Bradford,Unknown,Worker (A rating),Skilled Worker
Aquila Interactive Limited,Warwick,Unknown,Worker (A rating),Skilled Worker
Arbroath Medical Practice Llp,Arbroath,Unknown,Worker (A rating),Skilled Worker
Arc & Sons Holdings Limited,London,Unknown,Worker (A rating),Skilled Worker
Arm2Arm Support Ltd,Swindon,United Kingdom,Worker (A rating),Skilled Worker
Aro Interiors Limited,Manchester,Salford,Worker (A rating),Skilled Worker
Artezzan,chester,Cheshire,Worker (A rating),Skilled Worker
Artisanne Limited,Liverpool,Unknown,Worker (A rating),Skilled Worker
Artond Ltd,Leicester,Unknown,Worker (A rating),Skilled Worker
Aruna Gamage Ltd,Winscombe,Unknown,Worker (A rating),Skilled Worker
Asa Express Limited,Solihull,Unknown,Worker (A rating),Skilled Worker
Ascendion Engineering Solutions Europe Limited,London,Unknown,Worker (A rating),Skilled Worker
Ascendion Engineering Solutions Europe Limited,London,Unknown,Worker (A rating),Global Business Mobility: Senior or Specialist Worker
Assistory Ltd,Manchester,Unknown,Worker (A rating),Skilled Worker
Asteros Advisers,London,Unknown,Worker (A rating),Skilled Worker
At Your Side Care Ltd T/A Goodoaks Homecare - Bedford,Bedford,Bedfordshire,Worker (A rating),Skilled Worker
Austin Partnership Limited,Cardiff,Unknown,Worker (A rating),Skilled Worker
Autism West Midlands,Birmingham,West Midlands,Worker (A rating),Skilled Worker
Autowave Limited,Nottingham,Unknown,Worker (A rating),Skilled Worker
Av Supra Ltd T/A Tapri Junction,Harrow,Unknown,Worker (A rating),Skilled Worker
Aviator75 Ltd,Manchester,Unknown,Worker (A rating),Skilled Worker
Avista Law Ltd,Morden,Surrey,Worker (A rating),Skilled Worker
B&M Exotic Fruits & Veg Ltd,BIRMINGHAM,Unknown,Worker (A rating),Skilled Worker
Baatpakki Limited,Croydon,Unknown,Worker (A rating),Skilled Worker
Baja Foods Limited,London,Unknown,Worker (A rating),Skilled Worker
Balmoral Comtec Limited,Aberdeen,Unknown,Worker (A rating),Skilled Worker
Baloglu Ltd,London,Unknown,Worker (A rating),Skilled Worker
Banbury Butchers Ltd,Banbury,Unknown,Worker (A rating),Skilled Worker
Barntwist Ltd T/A Lings Chemist,LONDON,Unknown,Worker (A rating),Skilled Worker
Barones Uk Ltd,LONDON,UNITED KINGDOM,Worker (A rating),Skilled Worker
Basmati Locks Heath Limited,Southampton,Hampshire,Worker (A rating),Skilled Worker
Bavanmore Farm Ltd,Newry,Unknown,Worker (A rating),Skilled Worker
Beacon Health Kensington Limited,Liverpool,Unknown,Worker (A rating),Skilled Worker
Beauly Mini Market Ltd T/A Beauly Mini Market,Dundee,Unknown,Worker (A rating),Skilled Worker
Beith General Store,Beith,Unknown,Worker (A rating),Skilled Worker
Bengazi Career Engagement Ltd,LONDON,Unknown,Worker (A rating),Skilled Worker
Berryworld Ltd,Cheshunt,Unknown,Worker (A rating),Global Business Mobility: Senior or Specialist Worker
Berryworld Ltd,Cheshunt,Unknown,Worker (A rating),Skilled Worker
Bestbuy 24/7 Ltd T/A Bp,Ormesby,Middlesbrough,Worker (A rating),Skilled Worker
Bevan & Clarke Llp,PORT TALBOT,West Glamorgan,Worker (A rating),Skilled Worker
Bibimbap Ltd,Sheffield,Unknown,Worker (A rating),Skilled Worker
Bidwells Llp,Cambridge,Cambridgeshire,Worker (A rating),Skilled Worker
Bierley Superstore And Post Office,Bradford,West Yorkshire,Worker (A rating),Skilled Worker
Bilal Hassan T/A Legalex Solicitors,Ilford,Unknown,Worker (A rating),Skilled Worker
Billinge Discount Ltd,Wigan,England,Worker (A rating),Skilled Worker
Bindethics Ltd,Leeds,Unknown,Worker (A rating),Skilled Worker
Bingi'S Kitchen Ltd,BELFAST,NORTHERN IRELAND,Worker (A rating),Skilled Worker
Bistro1,London,Unknown,Worker (A rating),Skilled Worker
Bizzle Entertainment Ltd,LONDON,Unknown,Temporary Worker (A rating),Creative Worker
Blakehill Healthcare Limited,Chippenham,Unknown,Worker (A rating),Skilled Worker
Blazehill Capital Limited,London,Unknown,Worker (A rating),Skilled Worker
Blink Charging Uk Ltd,St Albans,Hertfordshire,Worker (A rating),Skilled Worker
Blk Cab Coffee Ltd,London,Unknown,Worker (A rating),Skilled Worker
Bls Burnells Limited,Uxbridge,Middlesex,Worker (A rating),Skilled Worker
Blue Strawberry Ai Ltd,Sandwich,Kent,Worker (A rating),Skilled Worker
Bluesky International Ltd,Ashby de la Zouch,Leicestershire,Worker (A rating),Skilled Worker
Bluewavesconsult Ltd,Lincoln,Unknown,Worker (A rating),Skilled Worker
Bodhigyan Meditation & Cultural Centre Uk,RAINHAM,Unknown,Temporary Worker (A rating),Religious Worker
Bolders Consulting Group Ltd,London,Central,Worker (A rating),Skilled Worker
Boltnn Ltd,BOLTON,LANCASHIRE,Worker (A rating),Skilled Worker
Bosss (Uk) Limited,Gerrards Cross,Buckinghamshire,Worker (A rating),Skilled Worker
Boverton Post Office And Stores,SOUTH WALES,Unknown,Worker (A rating),Skilled Worker
Bradford Road Car Sales Ltd,Manchester,Unknown,Worker (A rating),Skilled Worker
Bradford Sports & Kabaddi Club Ltd,Bradford,Unknown,Worker (A rating),International Sportsperson
Bread Bread Ltd,London,Unknown,Worker (A rating),Skilled Worker
Briggs Commercial Limited,Burntisland,Fife,Worker (A rating),Skilled Worker
Bristol Waste Company Ltd.,Bristol,Unknown,Worker (A rating),Skilled Worker
Britannia Social Care Ltd,Wolverhampton,West Midlands,Worker (A rating),Skilled Worker
Broadfield Law Uk Llp,London,Unknown,Worker (A rating),Skilled Worker
Bromley By Bow Health Partnership,Bromley By Bow,London,Worker (A rating),Skilled Worker
Bu Bregal Unternehmerkapital Uk Ltd,London,Unknown,Worker (A rating),Skilled Worker
Bubble It Solutions Limited,Nottingham,Unknown,Worker (A rating),Skilled Worker
Burgernomics (T/As Mcdonald'S),Hitchin,Unknown,Worker (A rating),Skilled Worker
Bx Technologies Ltd,London,Unknown,Worker (A rating),Skilled Worker
Cafe Malabar Ltd,Colchester,Unknown,Worker (A rating),Skilled Worker
Calabash Mint Limited,SURBITON,Unknown,Worker (A rating),Skilled Worker
Caldero Holdings Ltd,Leeds,Unknown,Worker (A rating),Global Business Mobility: Senior or Specialist Worker
Caldero Holdings Ltd,Leeds,Unknown,Worker (A rating),Skilled Worker
Camberley Visionplus Limited T/A Specsavers,Camberley,Surrey,Worker (A rating),Skilled Worker
Camphill Community Holywood,Holywood,Down,Worker (A rating),Skilled Worker
Care And Homes Limited,London,essex,Worker (A rating),Skilled Worker
Care Signature Christian Homecare Services,Leeds,England,Worker (A rating),Skilled Worker
Carenest Solutions Ltd,Borehamwood,Hertfordshire,Worker (A rating),Skilled Worker
Caresure Limited,Cumbria,Unknown,Worker (A rating),Skilled Worker
Carewithloveco Ltd T/A Esgo,Harrow,Unknown,Worker (A rating),Skilled Worker
Cargo Overseas Limited,Manchester,Unknown,Worker (A rating),Skilled Worker
Caring Angels Ltd,Norfolk,Unknown,Worker (A rating),Skilled Worker
Carlton Cricket Club,Wakefield,West Yorkshire,Worker (A rating),International Sportsperson
Carluke Dignity Care Ltd,Carluke,Unknown,Worker (A rating),Skilled Worker
Caudalie Group Limited,London,Unknown,Worker (A rating),Global Business Mobility: Senior or Specialist Worker
Caudalie Group Limited,London,Unknown,Worker (A rating),Skilled Worker
Caxton Associates Llp,London,Unknown,Worker (A rating),Skilled Worker
Cb Opportunities 2 Ltd,Stadhampton,Oxfordshire,Worker (A rating),Skilled Worker
"Celestial Church Of Christ, Mountain Of New Glory Parish (Ori Oke Ogo Titun)",Manchester,Greater Manchester,Worker (A rating),Tier 2 Ministers of Religion
Central Bedrooms And Kitchens Limited,Uxbridge,Unknown,Worker (A rating),Skilled Worker
Centric Brands International Europe,London,Unknown,Worker (A rating),Global Business Mobility: Senior or Specialist Worker
Centric Brands International Europe,London,Unknown,Worker (A rating),Skilled Worker
Centry Services Limited,London,Unknown,Worker (A rating),Skilled Worker
Cetra Housing Co-Operative Limited,London,Unknown,Worker (A rating),Skilled Worker
Ceylon Tea Shop (Uk) Ltd,SHEFFIELD,Unknown,Worker (UK Expansion Worker: Provisional),Global Business Mobility: UK Expansion Worker
Cg Grill Ltd,Rochdale,Unknown,Worker (A rating),Skilled Worker
Chamber Media Ltd,London,Unknown,Worker (UK Expansion Worker: Provisional),Global Business Mobility: UK Expansion Worker
Chamunda Krupa Ltd T/A Bilston News,Wolverhampton,Unknown,Worker (A rating),Skilled Worker
Chatsworth Convenience Store,Fleetwood,Lancashire,Worker (A rating),Skilled Worker
Chemical Dynamics Enterprises Uk Ltd,London,Unknown,Worker (A rating),Global Business Mobility: UK Expansion Worker
Cherry Two Ltd T/A Bistrot Pierre,London,Unknown,Worker (A rating),Skilled Worker
Cherubins Day Nursery,London,Unknown,Worker (A rating),Skilled Worker
Chester Fresh Pasta Kitchen Limited,Manchester,Unknown,Worker (A rating),Skilled Worker
Chestnut Court Care Home,New Milton,Unknown,Worker (A rating),Skilled Worker
Chilli Masala Of Menai Bridge Ltd T/A Taste Of India,Menai Bridge,Gwynedd,Worker (A rating),Skilled Worker
Chinatown 888 Ltd,Sheffield,Unknown,Worker (A rating),Skilled Worker
Churchill Health Care Ltd,LUTON,Unknown,Worker (A rating),Skilled Worker
Ciaro Ltd,Birmingham,Unknown,Worker (A rating),Skilled Worker
City Elite Cars Ltd,Birmingham,England,Worker (A rating),Skilled Worker
City Leisure Management Limited  T/A Rosa Twelve,Gateshead,Unknown,Worker (A rating),Skilled Worker
City Mot Dobbs Street Ltd,Wolverhampton,Unknown,Worker (A rating),Skilled Worker
Citygate Automotive Ltd,South Ruislip,Unknown,Worker (A rating),Skilled Worker
Claranet Ltd,London,Unknown,Worker (A rating),Global Business Mobility: Senior or Specialist Worker
Classic Global Services Limited,Pontypridd,Mid Glamorgan,Worker (A rating),Skilled Worker
Clear Water Events Ltd,Halesowen,West Midlands,Worker (A rating),Skilled Worker
Click Entertainment Ltd,Croydon,London,Worker (A rating),Global Business Mobility: Senior or Specialist Worker
Cloudkeepers London Ltd,London,Unknown,Worker (A rating),Skilled Worker
Cm Telecom Uk Ltd,Tonbridge,Unknown,Worker (A rating),Global Business Mobility: Senior or Specialist Worker
Cm Telecom Uk Ltd,Tonbridge,Unknown,Worker (A rating),Skilled Worker
Cognita Consultancy Limited,London,London,Worker (A rating),Skilled Worker
Colliers Hotel,London,Unknown,Worker (A rating),Skilled Worker
Comfort Homes And Care Ltd,Birmingham,West Midlands,Worker (A rating),Skilled Worker
Commoditrade Limited,Carshalton,Unknown,Worker (A rating),Skilled Worker
Conro Electronics Ltd,Pitstone,Buckinghamshire,Worker (A rating),Skilled Worker
Consulate Of The State Of Libya,London,Unknown,Temporary Worker (A rating),International Agreement
Contract & Construction Consultants (Southern) Limited,Bristod,Unknown,Worker (A rating),Skilled Worker
Copious Limited,Rochdale,Unknown,Worker (A rating),Skilled Worker
County Care Homes Limited T/A Norwood House,Ilford,Essex,Worker (A rating),Skilled Worker
Cove Retailers Ltd,ABERDEEN,Unknown,Worker (A rating),Skilled Worker
Creative Entertainment Two Ltd,London,Unknown,Worker (A rating),Skilled Worker
Crex Technologies Limited,London,Unknown,Worker (A rating),Skilled Worker
Crown Care Solutions Ltd,Hampshire,Unknown,Worker (A rating),Skilled Worker
Crsm Consulting Ltd,Luton,Unknown,Worker (A rating),Skilled Worker
Cs Hub Ltd,Tunbridge Wells,Unknown,Worker (A rating),Skilled Worker
Cudo Ventures Ltd,Bournemouth,Unknown,Worker (A rating),Skilled Worker
Currock Engineering Company Ltd.,Chelmsford,Essex,Worker (A rating),Skilled Worker
Cyber Alarm Limited,London,Unknown,Worker (A rating),Skilled Worker
D. Mcghee & Sons Ltd,Glasgow,Unknown,Worker (A rating),Skilled Worker
D:Class Automotive Limited,Chobham,Surrey,Worker (A rating),Skilled Worker
D2 Network Associates Limited,Stoke on Trent,Unknown,Worker (A rating),Skilled Worker
Dac Limited,Sabden,Lancashire,Worker (A rating),Skilled Worker
Darkocean Marine Ltd.,Hampshire,Eastleigh,Worker (A rating),Global Business Mobility: Senior or Specialist Worker
Darkocean Marine Ltd.,Hampshire,Eastleigh,Worker (A rating),Skilled Worker
Das Blue Limited,Ipswich,Unknown,Worker (A rating),Skilled Worker
Daxa Patel,London,Unknown,Worker (A rating),Skilled Worker
Deanhouse Interiors Limited,Holmfirth,Unknown,Worker (A rating),Skilled Worker
Defichi Ltd,London,Unknown,Worker (A rating),Skilled Worker
Dentogenics,Harrogate,Unknown,Worker (A rating),Skilled Worker
Devicenow Uk Ltd,Egham,Surrey,Worker (A rating),Skilled Worker
Diamond Health Care Solutions Ltd,Coventry,West Midlands,Worker (A rating),Skilled Worker
Diamond Meds Limited,Fetcham,Leatherhead,Worker (A rating),Skilled Worker
Diehl Metering Limited,Halifax,West Yorkshire,Worker (A rating),Skilled Worker
Dilli 6 Limited T/A Delhi By Nature,Surbiton,Surrey,Worker (A rating),Skilled Worker
Divinity Mk Scans Limited,Shinfield,Berkshire,Worker (A rating),Skilled Worker
Docsni Limited T/A Docs Fish & Chips,NEWCASTLE,NORTHERN IRELAND,Worker (A rating),Skilled Worker
Dore Partnership Limited,London,Unknown,Worker (A rating),Skilled Worker
Dorset Country Hotel Limited,BRIDPORT,DORSET,Worker (A rating),Skilled Worker
Dover Grammar School For Boys,Dover,Kent,Worker (A rating),Skilled Worker
Drennan Consultancy Limited,Coleraine,Unknown,Worker (A rating),Skilled Worker
Drinks On Us Limited,Bradford,West Yorkshire,Worker (A rating),Skilled Worker
Duke Medical Centre,Sheffield,South Yorkshire,Worker (A rating),Skilled Worker
Dunstall Cricket Club,Burton-upon-Trent,Staffordshire,Worker (A rating),International Sportsperson
Dutta And Sons Limited,Derby,Unknown,Worker (A rating),Skilled Worker
E17 Nails Ltd,London,London,Worker (A rating),Skilled Worker
Eagle Power Ministries International,CARSHALTON,Unknown,Worker (A rating),Tier 2 Ministers of Religion
East Lancashire Moneyline (Ips) Ltd,Accrington,Lancashire,Worker (A rating),Skilled Worker
Eco Alba Limited,Kirkcaldy,FIFE,Worker (A rating),Skilled Worker
Edgerate Limited,Hemel Hempstead,Unknown,Worker (A rating),Skilled Worker
Edi Coffee Ltd Tas Black Sheep Coffee,Edinburgh,Unknown,Worker (A rating),Skilled Worker
Edinburgh Homecare T/A Meloosha Homecare Edinburgh,Edinburgh,Scotland,Worker (A rating),Skilled Worker
Edward Banner-Eve,Bishops Stortford,Hertfordshire,Worker (A rating),International Sportsperson
Eeze Old School House Ltd,London,London,Worker (A rating),Skilled Worker
Elmustafa Ltd T/A The Ottoman Doner,London,Unknown,Worker (A rating),Skilled Worker
Emergency One,Cumnock,Unknown,Worker (A rating),Skilled Worker
Entertainers Agency Ltd,London,Unknown,Temporary Worker (A rating),Creative Worker
Equal Experts Uk Limited,London,Unknown,Worker (A rating),Global Business Mobility: Senior or Specialist Worker
Equal Experts Uk Limited,London,Unknown,Worker (A rating),Skilled Worker
Erly Stage Studios Ltd,Nine Elms,London,Worker (A rating),Skilled Worker
Essex Food Centre,Westcliff-on-Sea,Unknown,Worker (A rating),Skilled Worker
Exclusive Networks Limited,Hampshire,Unknown,Worker (A rating),Global Business Mobility: Senior or Specialist Worker
Exclusive Networks Limited,Hampshire,Unknown,Worker (A rating),Skilled Worker
Exelot Uk Ltd,Gerrards Cross,Unknown,Worker (A rating),Skilled Worker
Express News And Magazines Limited,CROMER,NORFOLK,Worker (A rating),Skilled Worker
Fair Shot,London,Unknown,Worker (A rating),Skilled Worker
Farnworth Baptist Church/Tlg Bolton,Farnworth,Bolton,Worker (A rating),Tier 2 Ministers of Religion
Fd Law Limited T/A Hayes Connor Solicitors,Warrington,Unknown,Worker (A rating),Skilled Worker
Field View Care Home Ltd,Redditch,Unknown,Worker (A rating),Skilled Worker
"First Up, S.L.U T/A Master Stonemasons (Uk Establishment)",Sutton Coldfield,Unknown,Worker (A rating),Global Business Mobility: Senior or Specialist Worker
"First Up, S.L.U T/A Master Stonemasons (Uk Establishment)",Sutton Coldfield,Unknown,Worker (A rating),Skilled Worker
Fishgate Consulting Limited,Kent,Unknown,Worker (A rating),Skilled Worker
Flordius Chiropractic Ltd T/A Saltaire Chiropractic Clinic,Shipley,West Yorkshire,Worker (A rating),Skilled Worker
Fluorochem Ltd,Hadfield,Derbyshire,Worker (A rating),Skilled Worker
Fora (City) Restaurant Limited,London,Unknown,Worker (A rating),Skilled Worker
Forefront Foods Limited,Essex,Unknown,Worker (A rating),Skilled Worker
Founders Health Holding Limited,LONDON,Unknown,Worker (A rating),Skilled Worker
Frederic Roscop Limited,London,London,Worker (A rating),Skilled Worker
Fred'S Backyard Barbecue Limited,Edinburgh,City of Edinburgh,Worker (A rating),Skilled Worker
Freesia Health Ltd,Birmingham,Unknown,Worker (A rating),Skilled Worker
Fresh & Fresh London Ltd,London,Unknown,Worker (A rating),Skilled Worker
Frimley Subway Ltd,Frimley,Unknown,Worker (A rating),Skilled Worker
Frobel Independent Services,London,Essex,Worker (A rating),Skilled Worker
Fronhaul And Brookfield Care Home Ltd,Carmarthen,Carmarthenshire,Worker (A rating),Skilled Worker
Fusion Fleet Autos (Falkirk) Ltd,Falkirk,Unknown,Worker (A rating),Skilled Worker
Future Aspirations Care Group Ltd,Liverpool,Merseyside,Worker (A rating),Skilled Worker
G Force Chain Limited,Aldershot,Unknown,Worker (A rating),Skilled Worker
Ga Professional Healthcare Limited,CROYDON,Unknown,Worker (A rating),Skilled Worker
Gabin Accounting Services Ltd,London,Greater London,Worker (A rating),Skilled Worker
Gaur Govinda Trust,London,Unknown,Temporary Worker (A rating),Religious Worker
Gemec Limited,BOREHAMWOOD,Unknown,Temporary Worker (A rating),Global Business Mobility: Service Supplier
Genx Systems Ltd (15419956),ENGLAND,Unknown,Worker (UK Expansion Worker: Provisional),Global Business Mobility: UK Expansion Worker
Girardot Ltd,London,London,Worker (A rating),Skilled Worker
Glasgow Repairs Ltd,Glasgow,Unknown,Worker (A rating),Skilled Worker
Glenmore Consortium Ltd,Wembley,Unknown,Worker (A rating),Skilled Worker
Global Clinical Research Limited,Chelmsford,Unknown,Worker (A rating),Skilled Worker
Global Gourmet Limited T/A Karak Chaii,London,Unknown,Worker (A rating),Skilled Worker
Gloucester Circket Club,Gloucester,Gloucestershire,Worker (A rating),International Sportsperson
Gm Exclusive Care Services Limited,Portsmouth,Unknown,Worker (A rating),Skilled Worker
Go Dharmic Welfare Uk,London,London,Worker (A rating),Skilled Worker
Go Go Taxi Ltd,Farnborough,Rushmoor,Worker (A rating),Skilled Worker
Gofal Cymunedol Ltd,Whitland,Carmarthenshire,Worker (A rating),Skilled Worker
Goodwill Healthcare Services Limited,Ferryhill,Co Durham,Worker (A rating),Skilled Worker
Gp Max Retail Ltd T/A The Candy Box,Ipswich,Suffolk,Worker (A rating),Skilled Worker
Greenhead Pharmacy,huddersfield,Unknown,Worker (A rating),Skilled Worker
Greytown Dental Practice Ltd,Oxon,Unknown,Worker (A rating),Skilled Worker
Grosvenor Care Homes Ltd,Lincs,Lincolnshire,Worker (A rating),Skilled Worker
Gw Active Ltd,Walton-On-Thames,Unknown,Worker (A rating),Skilled Worker
Gw Consulting Engineers Ltd,Kidderminster,Worcestershire,Worker (A rating),Skilled Worker
Gyros Lab Ltd T/A Gyros Lab,Hackney,London,Worker (A rating),Skilled Worker
H K Odedra Ltd,Pinner,Unknown,Worker (A rating),Skilled Worker
H.W. Wood Limited,London,Unknown,Worker (A rating),Global Business Mobility: Senior or Specialist Worker
H.W. Wood Limited,London,Unknown,Worker (A rating),Skilled Worker
H2C Gelati Ltd (Amorino),London,Greater London,Worker (A rating),Skilled Worker
Hah Hospitality Limited T/A Indian Affair Ancoats,Manchester,Unknown,Worker (A rating),Skilled Worker
Hak Grill Ltd,CARDIFF,Unknown,Worker (A rating),Skilled Worker
Haliogen Power Limited,Manchester,Greater Manchester,Worker (A rating),Skilled Worker
Hanar Cars (Uk) Ltd,London,Unknown,Worker (A rating),Skilled Worker
Hand In Hand International,London,Unknown,Worker (A rating),Skilled Worker
Happy Rugby Ltd,Hereford,Unknown,Worker (A rating),Skilled Worker
Happy Scot Limited,Cumbernauld,Unknown,Worker (A rating),Skilled Worker
Haremi Limited,Chelteham,Unknown,Worker (A rating),Skilled Worker
Harland Services Ltd,Telford,Shropshire,Worker (A rating),Skilled Worker
Harvey Medical Consulting Limited,Cambridge,Unknown,Worker (A rating),Skilled Worker
Haslingden Discount Store Limited,Rossebdale,Lancashire,Worker (A rating),Skilled Worker
Hasscon Limited T/A Hasscon Pharmacy,London,Unknown,Worker (A rating),Skilled Worker
Hasthcult Ltd Ta Artoons World,Brentford,Unknown,Worker (A rating),Skilled Worker
Hayat Food Supermarket Ltd,London,Unknown,Worker (A rating),Skilled Worker
Headington Rye Oxford Ltd,Oxford,Unknown,Worker (A rating),Skilled Worker
Headington Rye Oxford Ltd,Oxford,Unknown,Temporary Worker (A rating),Charity Worker
Hearing Wellness Uk Ltd,STOKE-ON-TRENT,Unknown,Worker (A rating),Skilled Worker
Heart Of Africa Uk,Larkhall,Unknown,Temporary Worker (A rating),Charity Worker
Heatsafe Solutions Ltd,Watford,Unknown,Worker (A rating),Skilled Worker
Heavenly Desserts Bournemouth Ltd T/A Heavenly Desserts Basingstoke,BASINGSTOKE,Unknown,Worker (A rating),Skilled Worker
Heliox Energy Ltd,Hampshire,Unknown,Worker (A rating),Global Business Mobility: Senior or Specialist Worker
Heliox Energy Ltd,Hampshire,Unknown,Worker (A rating),Skilled Worker
Hercules Enterprises Ltd,Southampton,Hampshire,Worker (A rating),Global Business Mobility: Senior or Specialist Worker
Hey Baby 4D Hayes Limited,Hayes,Unknown,Worker (A rating),Skilled Worker
Hi-Fi Corner (Edinburgh) Ltd,Edinburgh,Unknown,Worker (A rating),Skilled Worker
Hillside Care Ltd,SALFORD,Unknown,Worker (A rating),Skilled Worker
Hillview Centre Limited T/A Hillview Dental Practice,London,Unknown,Worker (A rating),Skilled Worker
Hiperdist Limited,Camberley,Surrey,Worker (A rating),Skilled Worker
Hiverge Ltd,Cambridge,Unknown,Worker (A rating),Skilled Worker
Hjb United Ltd Trading As Guyshi Bbq & Bar,Sheffield,Unknown,Worker (A rating),Skilled Worker
Hobsons Soho Ltd,London,Unknown,Worker (A rating),Skilled Worker
Holcim Uk Limited,Markfield,Leicestershire,Worker (A rating),Skilled Worker
Holcim Uk Limited,Markfield,Leicestershire,Worker (A rating),Global Business Mobility: Senior or Specialist Worker
Holiday Reservations Uk Ltd,Gloucester,Gloucestershire,Worker (A rating),Skilled Worker
Holt Retirement Limited,Hutton Buscel,Scarborough,Worker (A rating),Skilled Worker
Home Sweet Home Care Limited,ROMFORD,ESSEX,Worker (A rating),Skilled Worker
Homies On Donkeys Ltd,London,England,Worker (A rating),Skilled Worker
Hope City Church Edinburgh,Edinburgh,Lothian,Temporary Worker (A rating),Religious Worker
Horizon Care And Education Services Limited,Cannock,Staffordshire,Worker (A rating),Skilled Worker
Horizon Phones Sales And Repairs Uk Ltd,Woodbridge,Unknown,Worker (A rating),Skilled Worker
Houghton Pharmacy Ltd,Leicester,Leicestershire,Worker (A rating),Skilled Worker
Hr Mot & Services Ltd,Southall,Unknown,Worker (A rating),Skilled Worker
Iag Uk & Europe,SWANSEA,Unknown,Temporary Worker (A rating),Religious Worker
Iag Uk & Europe,SWANSEA,Unknown,Temporary Worker (A rating),Charity Worker
Iag Uk & Europe,SWANSEA,Unknown,Worker (A rating),Skilled Worker
Iag Uk & Europe,SWANSEA,Unknown,Worker (A rating),Tier 2 Ministers of Religion
Ideal Uk Ltd,Chelmsford,Essex,Worker (A rating),Skilled Worker
Idee Ltd,London,Unknown,Worker (A rating),Skilled Worker
Ie Services Ltd,Morden,Surrey,Worker (A rating),Skilled Worker
Indian Kitchen Llandudno Ltd T/A Indian Kitchen,Llandudno,Unknown,Worker (A rating),Skilled Worker
Indira' S Tasty Chicken Ltd,Bedford,Unknown,Worker (A rating),Skilled Worker
Infinite Computer Solutions Limited,London,Unknown,Worker (A rating),Skilled Worker
Innovative Accountants (London) Ltd,Weybridge,Unknown,Worker (A rating),Skilled Worker
Inoventive Services Limited,Northampton,Northamptonshire,Worker (A rating),Skilled Worker
Inspirations Leicestershire Ltd,Leicester,Unknown,Worker (A rating),Skilled Worker
Integrated Media Solutions Ltd,"LONDON,",Unknown,Worker (A rating),Skilled Worker
International Federation Of Health Plans,London,London,Worker (A rating),Skilled Worker
International Professional Risks Europe - Uk Branch,London,Unknown,Worker (A rating),Skilled Worker
Intruder Systems Ltd,London,Unknown,Worker (A rating),Skilled Worker
Isn Europe Limited,Huntingdon,Unknown,Worker (A rating),Skilled Worker
Isun- Immigration Support Network Ltd,LONDON,Haringey,Worker (A rating),Global Business Mobility: Senior or Specialist Worker
Isun- Immigration Support Network Ltd,LONDON,Haringey,Worker (A rating),Skilled Worker
Iykonic Company Limited,England,Unknown,Worker (A rating),Skilled Worker
J.G. Porter Contractors Ltd,Angus,Unknown,Worker (A rating),Skilled Worker
Janak Properties Limited,Harrow,Unknown,Worker (A rating),Skilled Worker
Jane Plan,London,Uk,Worker (A rating),Skilled Worker
Jasmine Business Solutions Ltd,Milton  Keynes,Unknown,Worker (A rating),Skilled Worker
Jesuits In Britain Cio,London,Unknown,Worker (A rating),Tier 2 Ministers of Religion
Jesuits In Britain Cio,London,Unknown,Worker (A rating),Skilled Worker
Jesuits In Britain Cio,London,Unknown,Temporary Worker (A rating),Religious Worker
Jmd (London) Ltd T/A Fratelli Deli,London,Unknown,Worker (A rating),Skilled Worker
John Bull Convenience Store,MEXBOROUGH,SOUTH YORKSHIRE,Worker (A rating),Skilled Worker
Jollys Coffee Ltd,beaumaris,anglesey,Worker (A rating),Skilled Worker
Jonathan Lu Limited,London,Unknown,Worker (A rating),Skilled Worker
Joy Smile Limited,Dundee,Unknown,Worker (A rating),Skilled Worker
Joys Motors Ltd,Reading,Unknown,Worker (A rating),Skilled Worker
Jpc Care & Support Day Centre,Stokesley,Unknown,Worker (A rating),Skilled Worker
Jrs Building Contractors Limited, London,Unknown,Worker (A rating),Skilled Worker
Jug And Bottle,LONDON,Unknown,Worker (A rating),Skilled Worker
Junior'S Day Nursery,Cranbrook,Kent,Worker (A rating),Skilled Worker
Jure Trans Ltd,Nottingham,Unknown,Worker (A rating),Skilled Worker
Kadder Cleaning Services Limited,Upminster,Unknown,Worker (A rating),Skilled Worker
Kangaroo Kids Nursery Limited,Greenford,United Kingdom,Worker (A rating),Skilled Worker
Kartal Construction Limited,Colchester,Unknown,Worker (A rating),Skilled Worker
Kastoor Limited,Leeds,Unknown,Worker (A rating),Skilled Worker
Kathmandu And Palpa Limited T/A Royal Gurkha,Nottingham,Unknown,Worker (A rating),Skilled Worker
Keep Chaating Ltd,London,Unknown,Worker (A rating),Skilled Worker
Kensington Plaza Hotel Limited,London,Unknown,Worker (A rating),Skilled Worker
Khawaja Halal Poultry (Sole Trader) T/A Khp Poultry,oldbury,Unknown,Worker (A rating),Skilled Worker
Kiaan Stores Ltd,Edinburgh,Unknown,Worker (A rating),Skilled Worker
Kidz Rebound Ltd,Walton-On-Thames,Unknown,Worker (A rating),Skilled Worker
Klg Group Intl Ltd,Lopndon,Unknown,Worker (A rating),Skilled Worker
Klr Solicitors Ltd,KENT,Unknown,Worker (A rating),Skilled Worker
Knorr Bremse Rail Systems (Uk) Ltd.,Melksham,Unknown,Worker (A rating),Skilled Worker
Kqf Distribution Ltd,Leyton,Unknown,Worker (A rating),Skilled Worker
Kreativ Solutions Limited,Leicester,Unknown,Worker (A rating),Skilled Worker
Krobahn Ltd,London,Unknown,Worker (A rating),Skilled Worker
Kroren Ltd T/A Tarim,London,Unknown,Worker (A rating),Skilled Worker
Ks Accountancy Services Ltd,Croydon,Unknown,Worker (A rating),Skilled Worker
Ksp Pharma Ltd T/A New Road Pharmacy,Rickmansworth,Unknown,Worker (A rating),Skilled Worker
Kub Construction Ltd,LUTON,Unknown,Worker (A rating),Skilled Worker
Kumars Mini Mart Private Ltd,Andover,Unknown,Worker (A rating),Skilled Worker
La Salute Ltd,THAME,Unknown,Worker (A rating),Skilled Worker
Lampard Investments Limited,London,Unknown,Worker (A rating),Skilled Worker
Lancereal Limited,Huddersfield,West Yorkshire,Worker (A rating),Skilled Worker
Landart Expert Limited,London,Unknown,Worker (A rating),Skilled Worker
Ld Care Limited,London,Wimbledon,Worker (A rating),Skilled Worker
"Leagues Uk Commercial Co., Ltd",London,Unknown,Worker (A rating),Skilled Worker
Leiths (Scotland) Ltd,Aberdeen,Unknown,Worker (A rating),Skilled Worker
Leojet Group Ltd,London,Unknown,Worker (A rating),Skilled Worker
Lifestyles Services Group Limited,Crewe,Chesire,Worker (A rating),Global Business Mobility: Senior or Specialist Worker
Lifestyles Services Group Limited,Crewe,Chesire,Worker (A rating),Skilled Worker
Lillibet House Ltd,Bedford,Bedfordshire,Worker (A rating),Skilled Worker
Lime Lounge (High Lane) Limited,Manchester,Unknown,Worker (A rating),Skilled Worker
Living Faith Foursquare Gospel Church,Bedford,Bedforshire,Worker (A rating),Tier 2 Ministers of Religion
Living Faith Foursquare Gospel Church,Bedford,Bedforshire,Temporary Worker (A rating),Religious Worker
Logan Tod & Co,Norwich,Norfolk,Worker (A rating),Skilled Worker
Loibar Education Consultancy Ltd,COVENTRY,WEST MIDLANDS,Worker (A rating),Skilled Worker
London Bc Tourism And Construction Trading Company Ltd,London,Unknown,Worker (A rating),Skilled Worker
London Computer Recycling,London,London,Temporary Worker (A rating),Charity Worker
London Rd Foods Limited,Leicester,Unknown,Worker (A rating),Skilled Worker
Lotus Lounge 2023 Ltd T/A Lotus Lounge,Alfreton,Unknown,Worker (A rating),Skilled Worker
Lp Sd Seventy Six Limited,Wisbech,Unknown,Worker (A rating),Skilled Worker
Lsak Limited,Willenhall,West Midlands,Worker (A rating),Skilled Worker
Lytham St Annes Primary Care Network Limited,Lytham St Annes,Lancashire,Worker (A rating),Skilled Worker
Mac Grocers Ltd,Bathgate,Unknown,Worker (A rating),Skilled Worker
Macduff Ship Design Limited,Aberdeen,Unknown,Worker (A rating),Skilled Worker
Magnolia House Care Home,Axminster,Unknown,Worker (A rating),Skilled Worker
Maharani Indian Restaurant Col Ltd,Colchester,Unknown,Worker (A rating),Skilled Worker
Mahavir Group Ltd,"Newcastle Upon Tyne,",Unknown,Worker (A rating),Skilled Worker
Majlis-E-Ishaatul Quraan,LEICESTER,Unknown,Worker (A rating),Tier 2 Ministers of Religion
Mak Global Consultants Ltd,Ashton-Under-Lyne,Unknown,Worker (A rating),Skilled Worker
Malhotra Care Homes Limited,NEWCASTLE,Unknown,Worker (A rating),Skilled Worker
Mandarin Group Ltd,London,Unknown,Worker (A rating),Skilled Worker
Manoja Maheswaran T/A Perfect Fried Chicken,London,Unknown,Worker (A rating),Skilled Worker
Manor Interior Solutions Limited,Market Harborough,Leicestershire,Worker (A rating),Skilled Worker
Maralb Construction Ltd,"Maidenhead,",Unknown,Worker (A rating),Skilled Worker
Maria Montessori Ltd T/A Maria Montessori Nursery School,London,Unknown,Worker (A rating),Skilled Worker
Marley Health Limited,London,Unknown,Worker (A rating),Skilled Worker
Marriott Harrison Llp,London,London,Worker (A rating),Skilled Worker
Marsh Superstores,LUTON,Unknown,Worker (A rating),Skilled Worker
Marshfield Cricket Club,Chippenham,Unknown,Worker (A rating),International Sportsperson
Masjid-E-Ali (A.S),Luton,Unknown,Temporary Worker (A rating),Charity Worker
Matrix Supported Living Ltd,Nottinghamshire,Nottinghamshire,Worker (A rating),Skilled Worker
Maxg Construction Ltd,London,Unknown,Worker (A rating),Skilled Worker
Maynard Design Consultancy Ltd,London,Unknown,Worker (A rating),Skilled Worker
Mde Machinery Limited,COLLONE,Co Armagh,Worker (A rating),Skilled Worker
Meridian Investment Group Limited T/A Invicta Hotel,Plymouth,Unknown,Worker (A rating),Skilled Worker
Meta Trend Fashion Limited,Salford,Unknown,Worker (A rating),Skilled Worker
Metals Focus Data Limited,London,Unknown,Worker (A rating),Skilled Worker
Mhs Care Limited,Stoke-on-Trent,Staffordshire,Worker (A rating),Skilled Worker
Michael Fahami Ltd,14 Lyon Road,Harrow,Worker (A rating),Skilled Worker
Microtrax Limited,London,Unknown,Worker (A rating),Skilled Worker
Millwood Kane Limited,London,Unknown,Worker (A rating),Skilled Worker
Mingley Camberley Ltd,Camberley,Unknown,Worker (A rating),Skilled Worker
Mini Mart Store,Cardiff,Unknown,Worker (A rating),Skilled Worker
Miranda London Ltd,London,Unknown,Worker (A rating),Skilled Worker
Mitcham Properties Ltd,London,Unknown,Worker (A rating),Skilled Worker
Mithai Ghar Limited,LONDON,Unknown,Worker (A rating),Skilled Worker
Mmm Services,BOLTON,Unknown,Worker (A rating),Skilled Worker
Mobile Care Services Ltd,Atherstone,Warwickshire,Worker (A rating),Skilled Worker
Mobile Tech Centre Limited,Swindon,Unknown,Worker (A rating),Skilled Worker
Montpelier Health,Bristol,Unknown,Worker (A rating),Skilled Worker
Moon Light Transport Limited,Epping,Unknown,Worker (A rating),Skilled Worker
Moonlight (Limavady) Limited,Limavady,Unknown,Worker (A rating),Skilled Worker
Motogirl Ltd,Tonbridge,Kent,Worker (A rating),Skilled Worker
Mr Sarmilan Tharmarajah T/A T S J Super Store,SOMERSET,Unknown,Worker (A rating),Skilled Worker
Mr. Janakkumar Patel & Mrs. Jagrutiben Patel And T/A Kings Road Stores,Herne Bay,Unknown,Worker (A rating),Skilled Worker
Mrs Wordsmith Group Limited,London,Unknown,Worker (A rating),Skilled Worker
Mrs Wordsmith Group Limited,London,Unknown,Worker (A rating),Global Business Mobility: Senior or Specialist Worker
Multicultural Marketing Consultancy Limited,London,Unknown,Worker (A rating),Skilled Worker
Mymeds Healthcare Ltd,London,Unknown,Worker (A rating),Skilled Worker
Mynt Ltd,London,Unknown,Worker (A rating),Skilled Worker
Na Activity Park Limited,Bradford,Unknown,Worker (A rating),Skilled Worker
Naagaa Ltd,Morden,Unknown,Worker (A rating),Skilled Worker
Naakus Construction & Cleaning Solution Ltd,Nottingham,Unknown,Worker (A rating),Skilled Worker
Namaste Kitchen Restaurant Ltd T/A Namaste Kitchen,Falmouth,Unknown,Worker (A rating),Skilled Worker
Nana'S Cafe Limited,London,Unknown,Worker (A rating),Skilled Worker
National Web Design Ltd,Croydon,Unknown,Worker (A rating),Skilled Worker
Nestex Group Ltd,Surbiton,Unknown,Worker (A rating),Skilled Worker
Net Ministries United Kingdom Limited,Derry,Unknown,Temporary Worker (A rating),Charity Worker
Neurolize Ltd,London,Unknown,Worker (A rating),Skilled Worker
New Concept Security Ltd,Lancashire,Unknown,Worker (A rating),Skilled Worker
New Local,Bracknell,Unknown,Worker (A rating),Skilled Worker
New Wave (International) Limited,Leicester,Unknown,Worker (A rating),Skilled Worker
Nexus Multi Academy Trust,Rotherham,South Yorkshire,Worker (A rating),Skilled Worker
Nexus Node Systems Ltd,Newcastle Upon Tyne,Unknown,Worker (A rating),Skilled Worker
"Nintendo Of Europe Se, Uk Branch",Windsor,Unknown,Worker (A rating),Skilled Worker
"Nintendo Of Europe Se, Uk Branch",Windsor,Unknown,Worker (A rating),Global Business Mobility: Senior or Specialist Worker
Nk Broadwater Mini Market Ltd,Worthing,Unknown,Worker (A rating),Skilled Worker
Not Just Tickets Ltd T/A Plain,London,Unknown,Worker (A rating),Skilled Worker
Notting Hill Spirit Ltd,London,Unknown,Worker (A rating),Skilled Worker
Ns Group Of Industries Ltd,Romford,Unknown,Worker (A rating),Skilled Worker
Nufox Rubber Limited,Manchester,Unknown,Worker (A rating),Skilled Worker
Nugen Consultants Ltd,Uxbridge,Middlesex,Worker (A rating),Skilled Worker
Nustone Patios Ltd,Colchester,Essex,Worker (A rating),Skilled Worker
Oaklands Manor Care Home Ltd T/A Oaklands Manor Nursing Home,Saltburn-by-the-sea,Unknown,Worker (A rating),Skilled Worker
Oas&Co Accounting Ltd,London,Unknown,Worker (A rating),Skilled Worker
Obaseki & Co Ltd,London,Unknown,Worker (A rating),Skilled Worker
Oliver Services Ltd,Willenhall,Unknown,Worker (A rating),Skilled Worker
Ollie Care Alliance Ltd,MANCHESTER,Unknown,Worker (A rating),Skilled Worker
One Group Projects Limited T/A Bloom Cafe,London,Unknown,Worker (A rating),Skilled Worker
Online 24/7 Ltd,Corringham,England,Worker (A rating),Skilled Worker
Open Date Equipment Limited,Mitcham,Surrey,Worker (A rating),Skilled Worker
Oppw Limited,Rugeley,Unknown,Worker (A rating),Skilled Worker
Original Third Eye Restaurant Ltd,Manchester,Unknown,Worker (A rating),Skilled Worker
Orion Retail Ltd,Glasgow,Unknown,Worker (A rating),Skilled Worker
Oscore Limited,Suffolk,Unknown,Worker (A rating),Skilled Worker
Oxford Immunotec Limited T/A Revvity,Abingdon,OXon,Worker (A rating),Skilled Worker
Oxford Immunotec Limited T/A Revvity,Abingdon,OXon,Worker (A rating),Global Business Mobility: Senior or Specialist Worker
Paradice Desserts Limited,Feltham,Unknown,Worker (A rating),Skilled Worker
Parish Of Medstead And Four Marks,Alton,Hampshire,Worker (A rating),Tier 2 Ministers of Religion
Park Place Dental Practice,Cardiff,Unknown,Worker (A rating),Skilled Worker
Pascal Offshore Ltd,Plymouth,Unknown,Worker (A rating),Skilled Worker
Pavi Convenience Uk Ltd,Northumberland,Unknown,Worker (A rating),Skilled Worker
Pembroke Carvery (Pembroke) Limited,Haverfordwest,Pembrokeshire,Worker (A rating),Skilled Worker
Penduline Properties Limited,Cardiff,Unknown,Worker (A rating),Skilled Worker
Perchpeek Ltd,Crawley,Unknown,Worker (A rating),Skilled Worker
Philoxenia Catering Services Ltd,Bromley,Unknown,Worker (A rating),Skilled Worker
Phone Fix Ltd,Aberdeen,Unknown,Worker (A rating),Skilled Worker
Phonefix4U Ltd,Chertsey,Surrey,Worker (A rating),Skilled Worker
Ping Online Communications Ltd,Stirling,Unknown,Worker (A rating),Skilled Worker
Pinnacleesp Ltd,Croydon,Unknown,Worker (A rating),Skilled Worker
Pipeflex Systems Limited,Bedlington,Northumberland,Worker (A rating),Skilled Worker
Piverta Limited,Great Amwell,Hertfordshire,Worker (A rating),Skilled Worker
Pizza Wilmslow Plus Ltd,Wilmslow,Unknown,Worker (A rating),Skilled Worker
Pkl Group (Uk) Limited,Cheltenham,Gloucestershire,Worker (A rating),Skilled Worker
Pkr Anisk Local Shop Limited,Slough,Unknown,Worker (A rating),Skilled Worker
Pntxv Productions Ltd,London,Unknown,Worker (A rating),Skilled Worker
Polestar Waterloo Limited,London,Unknown,Worker (A rating),Skilled Worker
Polish Residential Care Home,Corby,Northamptonshire,Temporary Worker (A rating),Religious Worker
Porini Polo Limited,Liphook,Hants,Worker (A rating),International Sportsperson
Powertech Engineering Services Limited,Manchester,Unknown,Worker (A rating),Skilled Worker
Ppm Projects Limited,Swanley,Unknown,Worker (A rating),Skilled Worker
Pradetta Limited,Harrow,Middlesex,Worker (A rating),Skilled Worker
Pradom Global Limited,Birmingham,Unknown,Worker (A rating),Skilled Worker
Pragmatix Advisory Limited,Chelmsford,Essex,Worker (A rating),Skilled Worker
Preem Limited,London,Unknown,Worker (A rating),Skilled Worker
Prestige Windows & Doors Ltd,Essex,Unknown,Worker (A rating),Skilled Worker
Preston Drove Store Ltd,Brighton,Unknown,Worker (A rating),Skilled Worker
Prestwick Care Limited,NEWCASTLE,Unknown,Worker (A rating),Skilled Worker
Prima Emporium Ltd,Glasgow,Scotland,Worker (A rating),Skilled Worker
Prince Electronics Limited,SOUTHALL,Unknown,Worker (A rating),Skilled Worker
Privilege Supported Care Ltd,Ilford,Unknown,Worker (A rating),Skilled Worker
Privity Legal Ltd,City of London,London,Worker (A rating),Skilled Worker
Prospect Training Services (Gloucester Ltd),Gloucester,Gloucestershire,Worker (A rating),Skilled Worker
Pukka Art Limited,London,Unknown,Worker (A rating),Skilled Worker
Pure White Lines,brooks lane,West Sussex,Worker (A rating),Skilled Worker
Purple Dragon Play Limited,London,Unknown,Worker (A rating),Skilled Worker
Pvd Retail Ltd,Wallington,Unknown,Worker (A rating),Skilled Worker
Pylon Technologies Uk Ltd,London,Unknown,Worker (A rating),Global Business Mobility: Senior or Specialist Worker
Pylon Technologies Uk Ltd,London,Unknown,Worker (A rating),Skilled Worker
Qing Liang Buddhist Association,London,Unknown,Temporary Worker (A rating),Religious Worker
Quest Builders Ltd,LONDON,Unknown,Worker (A rating),Skilled Worker
Quianto Capital Limited,London,Unknown,Worker (A rating),International Sportsperson
R J Shell Limited,Alnwick,Northumberland,Worker (A rating),Skilled Worker
Racca Green News,Knottingley,Unknown,Worker (A rating),Skilled Worker
Radial Commerce Limited,Oldham,Middleton,Worker (A rating),Skilled Worker
Ralph Plastering Ltd,Surrey,Unknown,Worker (A rating),Skilled Worker
Raspberry Pi Ltd,Cambridge,Unknown,Worker (A rating),Skilled Worker
Rave Stays Ltd,Chorley,Unknown,Worker (A rating),Skilled Worker
React Engineering,Warrington,Cheshire,Worker (A rating),Skilled Worker
Readdle Labs Ltd,London,Unknown,Worker (A rating),Skilled Worker
Red Telecom Ltd T/A Vodafone Ltd,Newark,Unknown,Worker (A rating),Skilled Worker
Redrelic Software Limited,London,Unknown,Worker (A rating),Skilled Worker
Reit Property Limited,LONDON,Unknown,Worker (A rating),Skilled Worker
Relyon Nutec Uk Ltd,Aberdeen,Unknown,Worker (A rating),Skilled Worker
Represent Clothing Limited,Bolton,Unknown,Worker (A rating),Skilled Worker
Reprocell Europe Ltd,Glasgow,Unknown,Worker (A rating),Global Business Mobility: Senior or Specialist Worker
Reprocell Europe Ltd,Glasgow,Unknown,Worker (A rating),Skilled Worker
Restaurant Twenty Two,Cambridge,Unknown,Worker (A rating),Skilled Worker
Revoluton Arts Cio,Luton,Unknown,Worker (A rating),Skilled Worker
Rewinds & J Windsor & Sons (Engineers) Ltd,Liverpool,Merseyside,Worker (A rating),Skilled Worker
Rg8 Facilities Ltd,Birmingham,West Midlands,Worker (A rating),Skilled Worker
Richland Homes Ltd,Herne Bay,England,Worker (A rating),Skilled Worker
Riverside Linen & Laundry Ltd,Bournemouth,Dorset,Worker (A rating),Skilled Worker
Rj Mcleod (Contractors) Limited,Glasgow,Unknown,Worker (A rating),Skilled Worker
Rkb Security Ltd,BIRMINGHAM,Unknown,Worker (A rating),Skilled Worker
Roberts General Store,Gillingham,Kent,Worker (A rating),Skilled Worker
Rowan Pharma Ltd,ESSEX,Unknown,Worker (A rating),Skilled Worker
Royton Civil And Structural Ltd,Oldham,Greater Manchester,Worker (A rating),Skilled Worker
Rsb Restaurant Limited,Preston,Unknown,Worker (A rating),Skilled Worker
Rudgwick Healthcare Limited,Rudgwick,Unknown,Worker (A rating),Skilled Worker
Rwe Generation Uk Plc,Swindon,Wiltshire,Temporary Worker (A rating),Global Business Mobility: Graduate Trainee
S & D Supermarket Wolverhampton Ltd T/A S&D Supermarket,WOLVERHAMPTON,Unknown,Worker (A rating),Skilled Worker
S R Win Convenience Store Ltd T/A Premier,Moreton,Wirral,Worker (A rating),Skilled Worker
S&R Care Services Ltd,Crawley,Unknown,Worker (A rating),Skilled Worker
S.K Windows & Doors Ltd, London,Unknown,Worker (A rating),Skilled Worker
S3 Dental Haywards Heath Limited,"Haywards Heath, West Sussex",Unknown,Worker (A rating),Skilled Worker
Sabel Chemist Ltd,HENDON,Unknown,Worker (A rating),Skilled Worker
Sabio Sp Limited,London,Unknown,Worker (A rating),Skilled Worker
Sabio Sp Limited,London,Unknown,Worker (A rating),Global Business Mobility: Senior or Specialist Worker
Safeguard Pms Ltd,Luton,Unknown,Worker (A rating),Skilled Worker
Saghir & Sons Food Limited,Southampton,Unknown,Worker (A rating),Skilled Worker
Sago Ventures Ltd,"Cardiff, Wales",Unknown,Worker (A rating),Skilled Worker
Sahba Academy Ltd,Manchester,Unknown,Temporary Worker (A rating),Creative Worker
Sai (Wimbledon) Limited,London,Unknown,Worker (A rating),Skilled Worker
Sai Estates Mgmt Limited,Ilford,Unknown,Worker (A rating),Skilled Worker
Sal Cafe Limited,London,Unknown,Worker (A rating),Skilled Worker
Sal Corp Limited,London,Unknown,Worker (A rating),Skilled Worker
Sapporo Trade International Ltd T/A Tariq Halal Meats,LONDON,Unknown,Worker (A rating),Skilled Worker
Sarah Wallpaper & Interiors Ltd,Bradford,Unknown,Worker (A rating),Skilled Worker
Sargun Convenience Stores Limited T/A Londis,Ashford,Unknown,Worker (A rating),Skilled Worker
Sayed Global Ltd,Birmingham,Unknown,Worker (A rating),Skilled Worker
Sb Mrb Ltd,London,Unknown,Worker (A rating),Skilled Worker
Sbs Haulage Limited,Willenhall,West Midlands,Worker (A rating),Skilled Worker
Seachill Uk Limited Trading As Hilton Seafood Uk,Grimsby,Unknown,Worker (A rating),Skilled Worker
Sefp Ltd Trading As Kent Horse Producers,Kent,Unknown,Worker (A rating),Skilled Worker
Sella Supermarket Ltd,Hatfield,Unknown,Worker (A rating),Skilled Worker
Semilattice Ltd,London,Unknown,Worker (A rating),Skilled Worker
Sensa Waste Solutions Ltd,Sheffield,Unknown,Worker (A rating),Skilled Worker
Shanghai Electric Uk Company Limited,London,Unknown,Worker (A rating),Skilled Worker
Shanghai Me Restaurant Limited,London,Unknown,Worker (A rating),Skilled Worker
Shhapal Liimited (Nisa Local),Llanfairfechan,Unknown,Worker (A rating),Skilled Worker
Shivsai Ltd,HAMPSHIRE,Unknown,Worker (A rating),Skilled Worker
Shreeji Supermarket Limited T/A Nisa Local,London,Unknown,Worker (A rating),Skilled Worker
Shreem Retail Ltd,Hull,Unknown,Worker (A rating),Skilled Worker
Shrees Food Limited T/A Elaichi Indian Cuisine,Camberley,Unknown,Worker (A rating),Skilled Worker
Sigma Dental Limmited,Nottingham,Unknown,Worker (A rating),Skilled Worker
Signature Of Thai Ltd,Edinburgh,Unknown,Worker (A rating),Skilled Worker
Silent Night Management Ltd T/A The Gresham Hotel,London,Unknown,Worker (A rating),Skilled Worker
Silsoe Prestige Motors Ltd,Bedford,Unknown,Worker (A rating),Skilled Worker
Sinnathamby Vigneswaran,HANWELL,Unknown,Worker (A rating),Skilled Worker
Sivalis Group Ltd,Steyning,Unknown,Worker (A rating),Skilled Worker
Sixfold Bioscience Limited,West London,Unknown,Worker (A rating),Scale-up
Skab Security Services Ltd,Barking,Greater London,Worker (A rating),Skilled Worker
Skellow Dental Practice,Doncaster,Unknown,Worker (A rating),Skilled Worker
Skh Enterprise Ltd T/A Phone Tech,Totnes,England,Worker (A rating),Skilled Worker
Skilltik Ltd,London,Unknown,Worker (A rating),Skilled Worker
Slow Touch Ltd,Staines,Unknown,Worker (A rating),Skilled Worker
Small World Consulting Ltd,Lancaster,Lancashire,Worker (A rating),Skilled Worker
Smart City Consultancy Ltd,Newport Pagnell,Bucks,Worker (A rating),Skilled Worker
Smart Point Group Uk Limited,Bristol,Somerset,Worker (A rating),Skilled Worker
Smash Cambridge Ltd T/A Smashburger,Camberley,Unknown,Worker (A rating),Skilled Worker
Sofinish Technologies Limited,HOUNSLOW,MIDDLESEX,Worker (A rating),Skilled Worker
Sohal Licensed Grocers Ltd,"Glasgow,",Unknown,Worker (A rating),Skilled Worker
Solo Agency Ltd,London,Unknown,Worker (A rating),Skilled Worker
Sonoran Ltd,Enfield,Unknown,Worker (A rating),Skilled Worker
Space Zero (North) Ltd,Manchester,Unknown,Worker (A rating),Skilled Worker
Specialised Polymer Engineering Ltd,Southampton,Hampshire,Worker (A rating),Skilled Worker
Specpower Ltd,Kennington,Unknown,Worker (A rating),Skilled Worker
Speed'S Juice Uk Ltd,Southall,Unknown,Worker (A rating),Skilled Worker
Square Eyecare Limited,Southend-on-Sea,Essex,Worker (A rating),Skilled Worker
Square Health Technology Limited,Windsor,Berkshire,Worker (A rating),Skilled Worker
Square One Petroleum Ltd,Bathgate,Scotland,Worker (A rating),Skilled Worker
Sr Refinish Limited,Luton,Unknown,Worker (A rating),Skilled Worker
Sreeguru Foods Ltd,SOUTHAMPTON,Unknown,Worker (A rating),Skilled Worker
Sri Nidhi Bh Limited,Burntisland,Unknown,Worker (A rating),Skilled Worker
Srinikasrii Limited,"Dorchester,","Dorset,",Worker (A rating),Skilled Worker
Srk Capital Heights Ltd T/A The Plough Inn,Taunton,Unknown,Worker (A rating),Skilled Worker
St Johns Surgery,Cambs,Cambs,Worker (A rating),Skilled Worker
Standley Design And Build Ltd,Wimbledon,London,Worker (A rating),Skilled Worker
Star Advertising Sales Limited,Brentford,Unknown,Worker (A rating),Skilled Worker
Starius Incorporation Limited,London,Unknown,Worker (A rating),Skilled Worker
Ste Services Ltd,Ilford,Unknown,Worker (A rating),Skilled Worker
Stella De Arte Limited,London,Unknown,Worker (A rating),Skilled Worker
Stellar Search Ltd,London,Unknown,Worker (A rating),Skilled Worker
Step In Off Licence & News,Leicester,Unknown,Worker (A rating),Skilled Worker
Storage And Fulfilment Services Limited,Burntwood,Unknown,Worker (A rating),Skilled Worker
Storm Xccessories Ltd,Swatragh,Derry,Worker (A rating),Skilled Worker
Stowafric Hair Limited,STOWMARKET,SUFFOLK,Worker (A rating),Skilled Worker
Stream Bay Ltd T/A Shah Indian Cuisine,Burnham-On-Sea,England,Worker (A rating),Skilled Worker
Strickland Ireland Ltd.,Coalisland,Tyrone,Worker (A rating),Skilled Worker
Sudbury Edge Limited T/A Jilani,Sudbury,Suffolk,Worker (A rating),Skilled Worker
Sunbird Catering Ltd,brighton,Unknown,Worker (A rating),Skilled Worker
Supporting Independence Limited,Barnet,Hertfordshire,Worker (A rating),Skilled Worker
Suthaharan Nadesapillai T/A Today'S Express- Inglemire,Hull,Unknown,Worker (A rating),Skilled Worker
Sutharshan Tharmasekaran T/As Morley'S,London,Unknown,Worker (A rating),Skilled Worker
Suvera Ltd,London,Unknown,Worker (A rating),Skilled Worker
Sw Spice Ltd T/A Bombay Blue,Cardiff,Unknown,Worker (A rating),Skilled Worker
Swallows Meadow Court,Solihull,West Midlands,Worker (A rating),Skilled Worker
Sweep London Limited,London,Unknown,Worker (A rating),Skilled Worker
Sweep London Limited,London,Unknown,Temporary Worker (A rating),Global Business Mobility: Graduate Trainee
Swift Cars (Wokingham) Limited,Wokingham,Unknown,Worker (A rating),Skilled Worker
Swift Group London Limited,London,Unknown,Worker (A rating),Skilled Worker
Swinton Wine Ltd,Swinton,Manchester,Worker (A rating),Skilled Worker
Sylwia Care Limited,London,Unknown,Worker (A rating),Skilled Worker
Synyega Limited,Warrington,Unknown,Worker (A rating),Skilled Worker
Taal Stores Ltd,Birmingham,West Midlands,Worker (A rating),Skilled Worker
Tag Aviation (Uk) Limited,Farnborough,Hampshire,Worker (A rating),Skilled Worker
Take 1 Script Services Limited,Cranbrook,Kent,Worker (A rating),Skilled Worker
Takhar Construction Ltd,Slough,Unknown,Worker (A rating),Skilled Worker
Tamang Tree Services Ltd,Widermere,Cumbria,Worker (A rating),Skilled Worker
Tamu Bros Ltd,Lydney,Gloucestshire,Worker (A rating),Skilled Worker
Tapcoenpro Uk Ltd,Barnsley,South Yorkshire,Worker (A rating),Skilled Worker
Taunton St Andrews Cricket Club,Taunton,Somerset,Worker (A rating),International Sportsperson
Tax Effective Ltd,London,Unknown,Worker (A rating),Skilled Worker
Test Education Centre Ltd,KENT,Unknown,Worker (A rating),Skilled Worker
Textile Enterprises Ltd,Leicester,Unknown,Worker (A rating),Skilled Worker
The Athenaeum,Liverpool,Merseyside,Worker (A rating),Skilled Worker
The Bagel Bakery Ltd,London,Unknown,Worker (A rating),Skilled Worker
The Battersea Clinic Limited,LONDON,Unknown,Worker (A rating),Skilled Worker
The Birches Medical Centre,Kesgrave,Unknown,Worker (A rating),Skilled Worker
The Cakebox Northampton Limited,NORTHAMPTON,Unknown,Worker (A rating),Skilled Worker
The Care And Support Group,Stanley,Durham,Worker (A rating),Skilled Worker
The Digital Lighthouse,NEWCASTLE UPON TYNE,Unknown,Worker (A rating),Skilled Worker
The Firm Of City Dental Care,Edinburgh,Unknown,Worker (A rating),Skilled Worker
The Galley Fish & Chip Shop Ltd,NEWRY,NORTHERN IRELAND,Worker (A rating),Skilled Worker
The Ghandi In Sandy,SANDY,BEDFORDSHIRE,Worker (A rating),Skilled Worker
The Grocery Express Ltd T/As Spar,London,Unknown,Worker (A rating),Skilled Worker
The Kite Factory,London,Unknown,Worker (A rating),Skilled Worker
The Kt Boba Drink Limited,Belfast,Unknown,Worker (A rating),Skilled Worker
The Maryhill Group Practice,Elgin,Moray,Worker (A rating),Skilled Worker
The Moveable Feast Ltd T/A Kastner & Ovens,LONDON,Unknown,Worker (A rating),Skilled Worker
The Oaks Specialist College,Tonbridge,Kent,Worker (A rating),Skilled Worker
The Raj Restaurant Ltd,Barton-Upon-Humber,Unknown,Worker (A rating),Skilled Worker
The Riverside Public House Limited,Buckingham,Unknown,Worker (A rating),Skilled Worker
The Sofa Shop Inc Ltd,Dewsbury,West Yorkshire,Worker (A rating),Skilled Worker
The Somerset Toiletry Company Limited,Bristol,Unknown,Worker (A rating),Skilled Worker
Theobolds Coaches & Holidays Limited,luton,Bedfordshire,Worker (A rating),Skilled Worker
Thinnaiuk Limited T/A Krunk,Croydon,Unknown,Worker (A rating),Skilled Worker
Thor Gold Venture Ltd,London,Unknown,Worker (A rating),Skilled Worker
Threesixty Brands Ltd,London,Unknown,Worker (A rating),Skilled Worker
Tierney Homes Ltd T/A Slieveleague,Tempo,Unknown,Worker (A rating),Skilled Worker
Tiyan Ltd,Dorset,Unknown,Worker (A rating),Skilled Worker
Tmt Finance,London,LONDON,Worker (A rating),Skilled Worker
To Be Properties Ltd,Bicester,Unknown,Worker (A rating),Skilled Worker
Tobea Support Ltd,Chatham,Unknown,Worker (A rating),Skilled Worker
Tooting South Medical Centre,London,Unknown,Worker (A rating),Skilled Worker
Total Tech Repair Ltd,Bexleyheath,Kent,Worker (A rating),Skilled Worker
Touch Of Love Outreach,Aberdeen,Unknown,Worker (A rating),Skilled Worker
Touch Of Love Outreach,Aberdeen,Unknown,Temporary Worker (A rating),Charity Worker
Tower Bridge Legal Ltd T/A Tower Bridge Legal,Birmingham,Unknown,Worker (A rating),Skilled Worker
Trade Kitchens By Dtn Ltd,Oldham,Unknown,Worker (A rating),Skilled Worker
Trade Mastermind Limited,Peterborough,Unknown,Worker (A rating),Skilled Worker
Tree Of Life Ministries,MITCHAM,Unknown,Worker (A rating),Tier 2 Ministers of Religion
Trigger Group Ltd,London,Unknown,Worker (A rating),Skilled Worker
Trilantic Europe Ltd,London,Unknown,Worker (A rating),Skilled Worker
Tritech Precision Products Limited,Wrexham,Unknown,Worker (A rating),Global Business Mobility: Senior or Specialist Worker
Tritech Precision Products Limited,Wrexham,Unknown,Worker (A rating),Skilled Worker
Trusted Technology Limited,Nottingham,Unknown,Worker (A rating),Skilled Worker
Tsp Partners Ltd,New Ollerton,Newark,Worker (A rating),Skilled Worker
Turanya Pvt Ltd,Doncaster,Unknown,Worker (A rating),Skilled Worker
Uhs Estates Limited,Southampton,Unknown,Worker (A rating),Skilled Worker
Ujima Ltd,Waterlooville,Hampshire,Worker (A rating),Skilled Worker
Uk100 Cities Network Limited,London,Unknown,Worker (A rating),Skilled Worker
Unite Healthcare Ltd,St Helens,Merseyside,Worker (A rating),Skilled Worker
Universal Services London Limited,london,Unknown,Worker (A rating),Skilled Worker
University Health Service Southampton,Southampton,Hampshire,Worker (A rating),Skilled Worker
Unknown Collections 20 Ltd,England,Unknown,Worker (A rating),Skilled Worker
Unss Limited,Nelson,Unknown,Worker (A rating),Skilled Worker
Ustm Limited,Leicester,Leicestershire,Worker (A rating),Skilled Worker
Valor Hospitality Europe Limited,Ardrossan,Unknown,Worker (A rating),Skilled Worker
Value Chain Management Ltd,Luton,Bedfordshire,Worker (A rating),Skilled Worker
Vantage Global Prime Llp,London,Unknown,Worker (A rating),Skilled Worker
Vd Shops Ltd Tas Barneys,Inverness,Unknown,Worker (A rating),Skilled Worker
Velux Company Ltd,Fife,Unknown,Worker (A rating),Global Business Mobility: Senior or Specialist Worker
Velux Company Ltd,Fife,Unknown,Worker (A rating),Skilled Worker
Vinny Building Contract Ltd,London,Unknown,Worker (A rating),Skilled Worker
Violetta Star Link Ltd,London,Unknown,Worker (A rating),Skilled Worker
Virture Choices Limited,London,Unknown,Worker (A rating),Skilled Worker
Vitality Home Health (Sevenoaks) Ltd,Sevenoaks,Unknown,Worker (A rating),Skilled Worker
Vujon Limited T/A Vujon (Croydon),CROYDON,Unknown,Worker (A rating),Skilled Worker
Walk-In The Gate Limited,London,Unknown,Worker (A rating),Skilled Worker
Waterfront Broadway Ltd T/A Wildfire,Edinburgh,Unknown,Worker (A rating),Skilled Worker
Watling Street Practice,Stony stratford,Unknown,Worker (A rating),Skilled Worker
Wbcsd Uk,London,Unknown,Worker (A rating),Skilled Worker
Wedgwood Cricket Club,Stoke on Trent,County,Worker (A rating),International Sportsperson
Welfare Health And Safety Academy Limited, Luton,Unknown,Worker (A rating),Skilled Worker
Wellcare Pharma Ltd,London,Unknown,Worker (A rating),Skilled Worker
Wellfednaz Limited,LONDON,Unknown,Worker (A rating),Skilled Worker
Wells Haven Ltd,Folkestone,Kent,Worker (A rating),Skilled Worker
Wen Sushi Clapham Ltd,LONDON,Unknown,Worker (A rating),Skilled Worker
Western Cars Private Hire Ltd,West Sussex,Unknown,Worker (A rating),Skilled Worker
Willesdens Ltd,Sheffield,Unknown,Worker (A rating),Skilled Worker
Wilson Care Resources Ltd,Birmingham,West Midlands,Worker (A rating),Skilled Worker
Woodalls Office Limited,LONDON,Unknown,Worker (A rating),Skilled Worker
Woodborough Retail Stores Ltd,Hamilton,Unknown,Worker (A rating),Skilled Worker
Woodhouse Convenience Ltd T/A Woodhouse Convenience Store & Premier,Leeds,Unknown,Worker (A rating),Skilled Worker
Word Of Mouth Dental Care,Ilford,Essex,Worker (A rating),Skilled Worker
Wsm Partners Llp,Wimbledon,Unknown,Worker (A rating),Skilled Worker
Wwss Ltd,Newcastle under Lyme,Unknown,Worker (A rating),Skilled Worker
Wyse Food Ltd,Liverpool,Unknown,Worker (A rating),Skilled Worker
Xaviers Accountants Ltd,Preston,Lancashire,Worker (A rating),Skilled Worker
Xxcell Limited,London,Unknown,Worker (A rating),Skilled Worker
Y12 Construction Ltd.,Gravesend,Unknown,Worker (A rating),Skilled Worker
Yashhprem Ltd T/A Bombay Nnakka,Staines,Unknown,Worker (A rating),Skilled Worker
Yfg Trading Ltd,middlesbrough,Unknown,Worker (A rating),Skilled Worker
Yghp Limited,Cannock,Unknown,Worker (A rating),Skilled Worker
York Telecom Limited,Basingstoke,Hampshire,Worker (A rating),Skilled Worker
Yuane Volition Ltd,Stoke-On-Trent,Unknown,Worker (A rating),Skilled Worker
Y-Yito (Uk) Ltd,Kingston,Unknown,Worker (A rating),Skilled Worker
Zaydan Trading Ltd,London,Unknown,Worker (A rating),Skilled Worker
Zee Consulting Limited,Sheffield,Unknown,Worker (A rating),Skilled Worker
Zinnov Uk Private Limited,LONDON,Unknown,Worker (A rating),Global Business Mobility: Senior or Specialist Worker
Zinnov Uk Private Limited,LONDON,Unknown,Worker (A rating),Skilled Worker
Zp Group Ltd,Preston,Unknown,Worker (A rating),Skilled Worker
